,id,pred
0,1723,0.2
1,12736,0.6
2,12274,1.4
3,8823,0.0
4,5087,0.8
5,13178,0.6
6,11799,0.0
7,13425,0.6
8,12497,1.0
9,1185,0.2
10,3584,0.6
11,5851,1.0
12,14311,0.4
13,7836,1.2
14,2321,1.6
15,547,0.6
16,9095,1.6
17,4614,1.2
18,12698,0.6
19,2674,0.4
20,6814,0.8
21,4611,0.6
22,4334,1.0
23,9101,1.2
24,6585,1.2
25,12156,1.0
26,1183,0.6
27,2428,0.4
28,11600,1.0
29,3162,0.2
30,13798,1.4
31,1783,0.4
32,13683,1.2
33,14347,2.2
34,14472,1.0
35,8589,0.8
36,10411,0.8
37,7942,0.6
38,13715,0.8
39,8838,1.0
40,9644,1.2
41,8093,1.0
42,1734,0.2
43,10725,0.6
44,4556,0.2
45,1380,0.2
46,2722,1.0
47,4072,0.2
48,11293,0.4
49,12003,0.4
50,13564,1.0
51,8294,0.8
52,3393,0.2
53,8051,1.0
54,699,0.6
55,4557,0.4
56,8091,1.5
57,9704,1.6
58,11650,0.2
59,305,0.4
60,8300,1.4
61,13525,0.2
62,10166,0.4
63,11107,0.8
64,9971,0.4
65,7732,1.0
66,13466,0.6
67,3406,1.0
68,5338,0.6
69,6835,0.6
70,14359,1.0
71,4837,0.8
72,4741,1.6
73,5651,0.4
74,8779,1.0
75,5055,0.6
76,4744,0.6
77,1804,0.6
78,3992,1.8
79,14111,1.6
80,12047,0.4
81,1156,0.4
82,1920,0.6
83,9307,2.4
84,5881,2.2
85,12531,0.2
86,5878,0.4
87,10742,1.6
88,7625,0.6
89,30,0.2
90,4879,1.0
91,356,0.2
92,9781,1.0
93,1457,0.6
94,2876,1.0
95,1626,0.6
96,4929,1.0
97,848,0.6
98,2300,1.0
99,11987,0.6
100,3427,0.4
101,13492,0.8
102,14170,0.4
103,1960,1.2
104,8013,1.0
105,12019,1.0
106,7896,1.0
107,7371,0.4
108,6780,0.8
109,9855,0.8
110,11685,0.6
111,2290,0.6
112,473,0.8
113,4422,0.6
114,10966,0.2
115,705,0.4
116,12994,2.2
117,2448,0.2
118,2662,1.4
119,6143,1.0
120,14075,0.8
121,214,1.4
122,4150,0.2
123,6850,0.8
124,14868,1.2
125,3263,1.6
126,10879,1.8
127,9588,0.6
128,15043,0.0
129,11065,0.0
130,11939,0.8
131,8976,1.4
132,6560,1.0
133,6526,1.2
134,9402,0.2
135,9368,1.0
136,40,1.6
137,11862,0.9
138,3421,0.2
139,9105,1.4
140,4075,1.0
141,526,0.2
142,9020,0.8
143,8239,0.8
144,11469,1.0
145,12610,0.4
146,8282,0.8
147,11701,1.2
148,10560,1.2
149,6012,1.0
150,9174,1.2
151,4019,0.0
152,67,0.2
153,8520,1.4
154,10415,1.0
155,8775,0.4
156,10356,0.4
157,4560,0.6
158,6759,1.4
159,13246,0.2
160,7890,0.0
161,2498,0.8
162,556,0.6
163,9349,0.6
164,13987,0.0
165,7007,0.4
166,6736,1.2
167,4365,1.2
168,3411,1.2
169,1776,0.4
170,12418,0.2
171,14894,1.0
172,4286,0.6
173,1412,0.4
174,3901,1.2
175,8854,0.8
176,4721,1.0
177,709,1.0
178,609,0.2
179,7102,0.2
180,6277,0.6
181,12279,0.8
182,11020,1.0
183,2966,0.6
184,583,0.8
185,9420,1.4
186,1260,2.0
187,7477,0.4
188,3226,0.2
189,10865,0.8
190,10397,0.8
191,4378,1.2
192,13267,0.2
193,2073,1.0
194,14594,1.0
195,9114,0.6
196,8383,1.0
197,4272,0.8
198,6432,0.2
199,10156,0.8
200,8474,1.4
201,3286,1.2
202,12069,0.8
203,7713,0.6
204,12725,0.6
205,5581,1.4
206,4737,1.0
207,7921,0.8
208,10417,1.4
209,4805,0.6
210,7659,0.2
211,672,0.6
212,1340,1.2
213,14931,0.2
214,9191,0.4
215,6280,0.6
216,1748,0.8
217,7932,1.0
218,7627,0.0
219,8421,1.0
220,4496,0.4
221,659,0.2
222,13154,0.6
223,6590,0.8
224,2056,0.6
225,9689,0.2
226,12759,0.6
227,3234,0.6
228,5558,1.2
229,2355,1.2
230,5426,1.2
231,15070,0.6
232,12540,0.4
233,858,1.4
234,10165,1.2
235,13980,1.0
236,5268,0.6
237,9996,0.6
238,11530,0.2
239,2653,0.4
240,10547,0.8
241,4368,0.8
242,10632,0.4
243,8374,1.0
244,9777,0.2
245,5441,0.4
246,3111,1.4
247,11364,0.8
248,7777,0.6
249,3836,0.8
250,4950,1.0
251,15079,1.0
252,9011,1.2
253,6623,0.4
254,12508,0.8
255,9771,1.6
256,7143,0.8
257,8501,0.6
258,10572,0.6
259,14627,0.4
260,6394,1.0
261,12649,1.4
262,9449,0.8
263,13350,0.6
264,8510,0.8
265,11991,0.6
266,13513,0.2
267,5703,0.8
268,12311,1.6
269,10322,0.6
270,13927,0.8
271,3532,0.4
272,7935,0.6
273,8990,0.4
274,14632,0.4
275,7199,0.8
276,149,0.2
277,61,1.0
278,1815,0.6
279,3951,1.2
280,10828,0.2
281,1914,0.6
282,10298,0.2
283,12376,1.2
284,5244,0.6
285,13903,0.6
286,10138,0.2
287,713,1.0
288,6774,0.2
289,11532,0.6
290,2987,0.4
291,10867,0.6
292,3311,0.8
293,12897,1.0
294,3855,0.8
295,1747,1.2
296,7265,0.4
297,4894,1.6
298,4978,0.4
299,4384,1.0
300,14780,1.2
301,3355,0.6
302,8497,0.8
303,10557,0.6
304,2184,1.2
305,8129,0.4
306,9082,1.0
307,4323,0.6
308,749,1.0
309,6602,0.4
310,3030,1.0
311,10746,1.2
312,6303,0.4
313,3615,0.8
314,2255,0.4
315,6088,1.6
316,6825,1.2
317,9908,0.8
318,3115,0.4
319,11702,0.8
320,2983,0.6
321,4743,1.6
322,9880,1.0
323,1207,1.2
324,10232,0.2
325,10058,0.6
326,11282,0.4
327,471,1.0
328,11053,1.2
329,14020,1.2
330,11986,0.2
331,2199,0.8
332,4310,1.0
333,2493,0.2
334,12194,0.8
335,10317,1.0
336,1824,0.6
337,3248,0.6
338,4802,0.0
339,3930,0.6
340,14362,0.8
341,6115,0.4
342,8336,1.0
343,14182,1.0
344,8676,1.2
345,2077,0.6
346,12456,2.2
347,12613,1.2
348,8736,0.2
349,10575,0.8
350,10236,1.0
351,2348,1.6
352,13954,0.2
353,3003,0.2
354,13215,0.2
355,12426,1.4
356,761,0.6
357,12308,1.0
358,4349,1.6
359,13045,1.6
360,14691,0.8
361,4469,0.0
362,10983,0.6
363,9656,0.2
364,2324,1.2
365,7237,0.6
366,11257,1.0
367,7559,2.0
368,3035,1.4
369,14741,1.0
370,10362,0.6
371,1976,0.6
372,8115,2.2
373,3995,0.4
374,2641,0.6
375,5503,0.4
376,5080,0.8
377,10181,0.8
378,4228,0.2
379,4938,0.4
380,2882,0.8
381,6499,0.4
382,5603,1.0
383,9571,0.8
384,5783,0.8
385,2277,1.2
386,12659,1.2
387,6437,0.6
388,2166,1.8
389,1126,0.8
390,3566,0.4
391,10437,0.8
392,12429,0.8
393,735,1.2
394,1007,0.6
395,13770,1.5
396,6888,0.6
397,7892,1.4
398,2043,0.2
399,8494,0.6
400,5464,1.6
401,7326,1.0
402,10622,0.8
403,8538,1.4
404,14520,0.6
405,8065,0.8
406,2471,1.4
407,14567,0.8
408,1072,0.2
409,7512,0.6
410,1678,1.0
411,1061,0.2
412,4622,0.6
413,5841,1.4
414,1676,0.4
415,1541,1.2
416,5326,1.0
417,15,0.2
418,3102,0.6
419,4395,0.2
420,2506,1.6
421,10064,1.6
422,3324,0.4
423,3189,0.6
424,11088,0.4
425,9954,1.2
426,3643,1.0
427,9506,0.2
428,8079,0.8
429,13276,0.8
430,9826,0.6
431,4261,0.4
432,9949,0.6
433,7507,1.0
434,8633,0.6
435,354,0.6
436,9793,0.8
437,2135,0.6
438,13219,0.2
439,14428,1.2
440,8639,1.8
441,3891,0.4
442,7333,0.4
443,8756,0.6
444,8620,0.4
445,13592,0.2
446,1644,1.2
447,4600,1.2
448,3129,0.4
449,3625,1.4
450,2566,1.6
451,2567,0.6
452,1169,1.2
453,10776,0.6
454,5830,1.2
455,10847,1.2
456,1085,1.2
457,12503,1.6
458,10485,0.4
459,3721,1.0
460,5127,0.2
461,1521,0.2
462,2931,1.0
463,5689,1.2
464,14440,1.0
465,11932,0.4
466,942,0.8
467,12406,0.8
468,7540,0.2
469,7181,1.2
470,14331,0.8
471,12477,1.2
472,11553,0.4
473,10978,1.0
474,13043,0.0
475,4275,0.4
476,6321,0.2
477,475,1.0
478,6223,0.2
479,14022,0.4
480,2405,0.2
481,4579,0.6
482,13029,0.8
483,14913,0.8
484,12333,1.0
485,650,1.2
486,11515,0.6
487,4302,0.0
488,7981,1.2
489,2246,0.4
490,656,1.6
491,7049,0.6
492,9621,1.0
493,3813,1.8
494,10477,0.0
495,11919,1.4
496,5184,0.2
497,1474,1.2
498,11943,1.0
499,12527,0.6
500,5626,0.6
501,9055,0.8
502,10831,0.4
503,14355,1.2
504,7293,0.4
505,14580,1.4
506,1390,0.2
507,10480,0.0
508,6331,0.6
509,8247,0.2
510,9459,0.8
511,12906,0.6
512,12086,1.0
513,12925,0.8
514,5145,0.6
515,7160,1.4
516,11675,0.4
517,6226,1.4
518,9552,1.6
519,13557,0.2
520,6497,0.4
521,3505,1.6
522,492,1.2
523,13168,0.6
524,7471,0.8
525,2854,0.0
526,14804,0.2
527,3151,1.2
528,12551,1.2
529,1740,0.6
530,218,0.8
531,12557,0.0
532,2614,0.8
533,5386,0.2
534,2423,1.0
535,9628,1.0
536,9381,0.8
537,6922,0.2
538,4972,1.2
539,4602,0.2
540,822,0.6
541,5000,0.2
542,12402,1.0
543,1295,0.2
544,5074,0.4
545,14631,1.2
546,5495,0.4
547,7852,0.6
548,12318,0.8
549,6629,0.7
550,11984,0.0
551,5811,0.6
552,4623,0.2
553,9844,1.0
554,12277,0.2
555,12813,1.2
556,10193,0.6
557,4509,0.6
558,913,0.2
559,7064,1.0
560,9893,0.6
561,13929,0.2
562,7825,0.2
563,11221,0.8
564,3098,1.4
565,5969,1.4
566,5248,0.4
567,12728,0.8
568,2274,0.6
569,4292,1.0
570,7947,0.8
571,2602,1.4
572,8014,0.6
573,12936,0.4
574,10441,1.4
575,14778,0.0
576,13486,1.0
577,8179,0.8
578,3205,0.8
579,9493,0.6
580,12892,0.2
581,15067,0.2
582,8802,1.2
583,5892,1.0
584,4195,0.6
585,4416,1.8
586,8623,1.2
587,4495,1.4
588,3711,1.6
589,3979,0.2
590,6697,1.2
591,1793,0.6
592,9086,1.0
593,7678,0.0
594,13651,0.6
595,5715,0.4
596,10079,1.0
597,14129,0.6
598,14179,0.2
599,4297,1.4
600,10370,1.2
601,9135,0.4
602,11590,0.6
603,147,0.4
604,7759,1.0
605,12672,1.0
606,10751,1.4
607,9539,0.6
608,10337,1.2
609,10349,1.2
610,14822,1.4
611,94,1.2
612,11206,0.4
613,10286,1.0
614,11391,0.6
615,11794,0.8
616,13509,0.6
617,2061,0.6
618,6521,1.2
619,6090,0.4
620,6761,1.0
621,9149,0.6
622,11231,1.6
623,10015,0.8
624,3806,0.6
625,5756,2.6
626,223,1.6
627,2265,0.6
628,7041,0.6
629,8855,1.5
630,555,1.0
631,13854,2.2
632,291,1.6
633,11262,0.4
634,13122,0.6
635,527,0.8
636,7750,0.8
637,13132,0.6
638,6191,0.6
639,12693,0.8
640,3646,0.6
641,9249,0.0
642,5081,1.2
643,10194,0.2
644,12888,1.2
645,1731,1.0
646,898,0.8
647,13311,0.6
648,12027,0.6
649,13500,0.6
650,11307,1.0
651,12360,1.2
652,9358,0.6
653,7125,0.2
654,1327,0.8
655,3088,0.4
656,6949,0.8
657,3166,0.6
658,9958,0.8
659,2314,1.2
660,167,1.0
661,2981,0.6
662,7930,0.6
663,2760,0.6
664,11691,0.4
665,4017,1.4
666,2354,0.6
667,8703,0.2
668,6409,1.0
669,10710,1.2
670,12034,1.6
671,3087,0.6
672,2580,0.6
673,1719,0.8
674,8426,0.2
675,9533,1.0
676,1556,0.2
677,13433,1.0
678,9026,1.0
679,9442,0.8
680,12159,0.6
681,8766,1.4
682,8799,0.6
683,5020,1.6
684,12909,1.4
685,10223,1.2
686,1319,0.4
687,6131,1.4
688,4926,0.6
689,6197,0.4
690,9028,1.0
691,10230,0.6
692,15093,1.0
693,11363,1.0
694,6289,1.0
695,3067,0.8
696,12421,0.8
697,11361,0.6
698,2286,1.0
699,8343,0.8
700,4624,0.2
701,14242,0.8
702,4761,1.0
703,13053,1.6
704,14445,0.2
705,8719,1.0
706,7711,1.0
707,2698,0.6
708,14296,1.0
709,15086,0.6
710,7883,1.2
711,5853,0.8
712,3964,0.6
713,1645,0.4
714,10372,0.4
715,13856,0.8
716,1543,1.4
717,11840,1.2
718,9668,1.0
719,10526,1.2
720,3994,1.6
721,6283,0.2
722,7426,0.2
723,11658,1.2
724,9444,0.8
725,6683,0.6
726,3689,1.6
727,639,0.8
728,11410,0.6
729,12248,0.6
730,9195,0.2
731,15084,0.8
732,7652,1.2
733,7163,1.2
734,12507,0.4
735,5110,0.6
736,114,1.0
737,3367,0.2
738,5113,0.6
739,9873,1.0
740,3161,0.4
741,8628,0.6
742,2027,1.4
743,10619,0.4
744,11466,0.6
745,5233,0.6
746,12228,1.0
747,12779,0.2
748,8500,0.4
749,12326,0.6
750,14923,1.0
751,9661,1.0
752,3357,1.2
753,9065,1.4
754,9214,1.2
755,2846,0.6
756,7586,1.0
757,733,1.4
758,973,0.8
759,2823,1.2
760,702,0.0
761,8466,0.4
762,189,1.2
763,8278,0.4
764,7367,0.8
765,10791,1.2
766,9945,1.0
767,10756,1.0
768,6618,0.4
769,7502,1.0
770,6743,1.0
771,10020,0.2
772,13653,0.6
773,12281,1.0
774,2411,1.2
775,1116,0.8
776,3326,0.8
777,14559,0.6
778,1277,0.4
779,3547,1.2
780,1919,1.0
781,10661,0.6
782,10773,0.6
783,7153,1.4
784,12868,1.2
785,5933,1.0
786,8009,0.0
787,4612,0.8
788,10520,1.4
789,11612,0.6
790,5825,0.8
791,6039,0.8
792,13820,0.4
793,8046,0.6
794,11834,0.8
795,1455,0.9
796,11421,1.0
797,5806,1.4
798,4468,0.4
799,6336,0.8
800,4294,0.6
801,2299,0.8
802,6490,1.2
803,11897,0.2
804,7912,0.8
805,10840,1.0
806,14786,1.0
807,8642,0.6
808,6644,0.6
809,7104,0.2
810,14569,0.6
811,4840,0.0
812,6373,0.8
813,5882,0.4
814,201,1.2
815,9046,0.2
816,14473,1.6
817,6786,0.6
818,13802,0.8
819,2694,0.6
820,13819,1.6
821,9584,1.4
822,4757,0.8
823,6942,0.2
824,8066,0.2
825,5867,1.8
826,4915,0.6
827,6958,0.6
828,984,0.6
829,5624,0.6
830,4951,1.0
831,2196,1.0
832,10682,0.6
833,12155,0.2
834,7327,0.2
835,6698,0.6
836,4680,0.2
837,7114,1.0
838,12345,0.2
839,13531,0.6
840,649,0.4
841,3733,1.6
842,7088,1.0
843,6121,0.6
844,4589,1.0
845,7931,0.4
846,445,1.0
847,7642,0.8
848,3329,1.0
849,8193,1.0
850,1515,1.2
851,6220,1.0
852,15094,0.2
853,12877,0.2
854,4963,0.8
855,2364,0.8
856,13413,0.8
857,11931,0.4
858,12734,0.8
859,8821,0.4
860,124,0.6
861,12574,0.8
862,3495,1.2
863,1675,1.5
864,10753,0.2
865,5366,0.6
866,6216,1.2
867,12895,0.4
868,7676,1.6
869,3696,0.2
870,7789,0.2
871,13932,0.8
872,7567,1.2
873,13616,0.4
874,681,0.6
875,505,0.2
876,1337,0.8
877,12431,0.4
878,9255,0.4
879,3535,0.4
880,8149,1.2
881,10220,0.4
882,11490,0.6
883,5605,1.0
884,14759,0.8
885,15034,0.0
886,11288,1.2
887,2801,0.6
888,12132,0.4
889,4677,0.4
890,413,1.0
891,12620,1.0
892,7474,1.2
893,11401,0.6
894,12845,0.8
895,59,1.6
896,7782,1.6
897,11082,1.0
898,14840,1.2
899,12495,1.2
900,3950,0.2
901,13135,0.4
902,982,1.4
903,7818,0.2
904,12349,0.2
905,14585,1.4
906,13334,0.2
907,3321,1.4
908,6475,0.8
909,13004,0.4
910,196,0.6
911,14722,0.0
912,11637,1.2
913,10329,0.6
914,13417,1.4
915,6161,0.8
916,3859,0.6
917,15029,1.4
918,11373,1.4
919,143,0.8
920,6258,0.2
921,1261,1.8
922,11000,1.2
923,11982,0.8
924,8399,0.0
925,8004,1.2
926,4285,0.2
927,5283,0.6
928,4575,1.0
929,5623,1.4
930,6224,1.2
931,7339,0.2
932,2982,1.2
933,12885,0.2
934,6250,1.2
935,1975,1.6
936,3663,0.6
937,12843,1.3
938,5785,0.6
939,11007,0.8
940,8010,0.8
941,7264,0.4
942,13255,0.8
943,209,1.0
944,4773,1.4
945,12128,1.0
946,3188,0.4
947,2878,0.4
948,13191,0.6
949,11034,0.8
950,1588,1.7
951,1660,0.6
952,5220,0.6
953,8082,0.2
954,3805,0.0
955,8944,0.4
956,9075,1.0
957,5595,1.4
958,15058,0.4
959,10350,0.8
960,13304,1.2
961,2636,0.6
962,14392,0.8
963,2775,0.8
964,3530,0.8
965,2213,1.0
966,414,0.6
967,1772,1.0
968,4245,0.8
969,5589,0.8
970,5685,1.0
971,10446,0.8
972,10211,0.6
973,9967,1.6
974,11406,0.4
975,5284,0.4
976,2437,1.4
977,13210,0.0
978,14979,1.0
979,7022,1.6
980,4998,1.0
981,12744,0.8
982,3801,0.4
983,1063,0.4
984,1650,1.0
985,2467,0.4
986,3342,0.6
987,2079,1.2
988,5039,0.4
989,1139,0.4
990,1241,0.6
991,13108,1.0
992,12951,1.0
993,13002,0.4
994,1607,1.2
995,5004,0.2
996,1316,1.6
997,14196,1.2
998,1574,1.0
999,7746,1.0
1000,14272,0.6
1001,8249,0.6
1002,5360,2.4
1003,8128,0.6
1004,2861,1.2
1005,2726,1.2
1006,5126,0.6
1007,13810,0.4
1008,8527,1.2
1009,7645,0.8
1010,10645,1.4
1011,4606,0.2
1012,10982,0.8
1013,11418,1.0
1014,221,1.2
1015,10728,0.2
1016,4121,0.2
1017,146,0.6
1018,13871,1.0
1019,5897,0.6
1020,12403,1.4
1021,1317,1.0
1022,6117,1.0
1023,14847,0.6
1024,1771,0.2
1025,14055,0.6
1026,11620,1.4
1027,11154,1.2
1028,2809,0.4
1029,3257,1.2
1030,13292,1.0
1031,9706,0.6
1032,2076,0.4
1033,13993,0.2
1034,2889,1.2
1035,2834,0.6
1036,14598,0.6
1037,6511,0.6
1038,14165,1.6
1039,9283,0.6
1040,4577,1.2
1041,3538,1.2
1042,7035,1.2
1043,7416,0.4
1044,8385,1.4
1045,1791,0.4
1046,8116,1.6
1047,14066,0.8
1048,10553,0.8
1049,2804,1.4
1050,13176,1.0
1051,1570,0.4
1052,8985,0.6
1053,9421,1.0
1054,2705,0.6
1055,12000,1.6
1056,10363,1.0
1057,5465,0.6
1058,5402,0.8
1059,5868,0.6
1060,1667,0.8
1061,14765,0.4
1062,5774,1.0
1063,14384,1.2
1064,6555,1.0
1065,3811,0.8
1066,401,0.6
1067,10139,1.0
1068,14264,0.8
1069,12254,1.0
1070,9598,0.8
1071,11031,1.4
1072,6916,1.6
1073,7496,0.8
1074,1579,1.0
1075,7003,0.4
1076,11906,1.6
1077,9118,0.6
1078,13604,0.4
1079,7604,1.6
1080,7656,1.4
1081,6320,0.6
1082,14485,1.0
1083,13852,1.4
1084,4959,1.4
1085,10406,0.6
1086,12328,0.0
1087,3746,0.2
1088,11133,1.0
1089,13548,1.2
1090,5638,0.2
1091,7330,0.8
1092,263,1.2
1093,12879,0.4
1094,10984,0.4
1095,8515,0.4
1096,5219,0.2
1097,10739,0.4
1098,9304,0.4
1099,3602,0.8
1100,14230,1.0
1101,9663,1.0
1102,6091,0.4
1103,2181,0.6
1104,13104,0.8
1105,12964,0.8
1106,7596,0.6
1107,7101,0.8
1108,5637,0.6
1109,5122,0.2
1110,10845,0.6
1111,4838,0.2
1112,5978,0.2
1113,9775,0.6
1114,9060,1.3
1115,9528,1.0
1116,11491,0.2
1117,9679,1.0
1118,12851,0.6
1119,7340,1.6
1120,4176,1.4
1121,1957,2.2
1122,3271,0.6
1123,14145,0.6
1124,8888,0.6
1125,5869,0.8
1126,7481,0.2
1127,6616,1.2
1128,7786,1.0
1129,13399,0.4
1130,12983,0.8
1131,4846,1.0
1132,14943,0.8
1133,4021,0.6
1134,8955,0.2
1135,14144,0.6
1136,8561,0.4
1137,5520,0.6
1138,10331,1.0
1139,9380,1.0
1140,10187,0.4
1141,418,0.2
1142,4204,0.4
1143,8138,1.4
1144,2880,0.2
1145,9128,0.2
1146,11978,0.8
1147,2719,1.4
1148,11764,1.0
1149,14131,1.2
1150,14109,1.0
1151,5943,0.8
1152,752,0.6
1153,12932,0.4
1154,14795,0.8
1155,3120,0.4
1156,311,1.0
1157,7741,1.0
1158,3741,0.4
1159,14052,1.2
1160,11603,1.0
1161,2231,0.6
1162,8645,0.4
1163,9415,0.2
1164,6304,0.2
1165,3894,0.6
1166,5391,0.6
1167,13720,0.6
1168,5057,1.2
1169,5153,0.6
1170,6293,0.8
1171,14228,1.0
1172,8506,0.2
1173,9758,1.2
1174,14641,1.0
1175,11718,0.8
1176,9448,0.4
1177,5245,1.4
1178,5784,0.8
1179,14332,1.0
1180,7817,0.6
1181,3804,1.0
1182,12834,0.2
1183,489,1.2
1184,13997,0.6
1185,7566,1.0
1186,7136,0.6
1187,9079,0.6
1188,4406,0.2
1189,10469,1.2
1190,5932,0.0
1191,13335,0.8
1192,3585,1.2
1193,2618,0.0
1194,10185,0.2
1195,10625,1.9
1196,1823,1.0
1197,10808,1.0
1198,4958,0.6
1199,8340,0.4
1200,1396,0.6
1201,10378,0.6
1202,10204,1.0
1203,14758,0.6
1204,8121,1.0
1205,3754,1.0
1206,7368,0.2
1207,10240,0.6
1208,13615,0.6
1209,3139,1.4
1210,6445,0.4
1211,11504,0.2
1212,5264,0.2
1213,12474,0.4
1214,979,0.0
1215,6491,0.8
1216,14687,0.6
1217,10875,0.0
1218,3042,0.4
1219,9153,0.2
1220,12330,1.0
1221,9396,1.0
1222,8664,2.0
1223,6438,0.2
1224,13910,1.4
1225,3016,0.2
1226,2256,1.2
1227,5436,1.0
1228,7272,1.2
1229,7999,0.4
1230,11246,1.0
1231,11452,1.0
1232,7506,1.2
1233,9382,0.6
1234,1770,1.0
1235,8986,0.2
1236,12878,1.0
1237,5345,1.0
1238,1799,1.0
1239,7103,0.4
1240,8741,1.2
1241,1989,0.8
1242,8464,1.6
1243,5455,0.4
1244,13221,0.6
1245,12575,0.4
1246,9843,0.6
1247,4670,1.2
1248,7758,0.4
1249,11972,1.0
1250,13779,0.2
1251,1117,0.4
1252,3377,1.2
1253,13774,0.6
1254,969,1.6
1255,14246,1.2
1256,11378,1.2
1257,9192,1.0
1258,3926,0.4
1259,3147,0.2
1260,2168,1.0
1261,4964,1.0
1262,12890,1.2
1263,933,0.6
1264,11032,1.8
1265,9475,1.6
1266,11669,0.6
1267,14152,1.0
1268,5063,1.2
1269,14636,0.4
1270,126,1.4
1271,2613,0.0
1272,14620,1.2
1273,12711,1.2
1274,10857,1.0
1275,12485,0.6
1276,729,1.2
1277,8630,0.4
1278,909,0.2
1279,2936,0.4
1280,11582,0.4
1281,13167,1.4
1282,6556,0.0
1283,1643,0.2
1284,4235,0.6
1285,8643,1.0
1286,3723,1.0
1287,220,0.8
1288,7097,0.2
1289,9151,0.2
1290,3558,1.0
1291,12170,1.0
1292,730,1.4
1293,3319,0.4
1294,10848,1.4
1295,633,0.6
1296,5513,1.4
1297,1889,1.2
1298,10701,0.4
1299,7915,1.0
1300,14352,1.4
1301,1651,0.2
1302,8563,1.2
1303,1863,0.8
1304,2927,0.6
1305,8511,1.2
1306,3567,1.2
1307,10685,0.6
1308,3905,1.0
1309,14511,1.4
1310,10333,0.8
1311,11698,0.6
1312,7764,0.8
1313,2279,1.0
1314,14503,0.2
1315,1194,0.4
1316,13470,0.2
1317,4819,0.8
1318,7522,0.2
1319,1753,0.4
1320,2530,0.2
1321,7986,0.4
1322,988,1.4
1323,10981,1.4
1324,10039,2.0
1325,32,2.0
1326,12444,0.4
1327,11370,0.6
1328,1122,0.8
1329,8243,1.0
1330,6022,0.2
1331,2524,0.4
1332,8556,1.2
1333,13197,1.0
1334,1448,1.0
1335,11474,0.6
1336,3291,0.6
1337,10672,0.4
1338,1386,0.2
1339,13329,1.2
1340,5291,0.6
1341,2592,0.4
1342,13753,1.6
1343,11160,1.0
1344,4949,1.0
1345,7075,2.0
1346,7805,1.0
1347,6447,0.4
1348,9443,1.2
1349,5772,0.6
1350,1264,0.8
1351,13703,0.8
1352,12343,1.2
1353,1238,1.2
1354,4554,0.4
1355,4923,1.0
1356,5757,0.6
1357,7875,0.4
1358,9812,0.8
1359,3304,1.0
1360,3533,1.0
1361,6588,0.8
1362,2904,0.8
1363,11911,0.0
1364,2547,1.4
1365,8284,1.6
1366,7317,1.5
1367,2054,1.2
1368,4552,0.6
1369,8507,1.2
1370,6716,1.0
1371,11279,0.4
1372,7314,0.0
1373,5155,1.4
1374,14504,0.8
1375,8641,0.8
1376,7454,1.0
1377,13719,1.2
1378,682,0.8
1379,7862,0.2
1380,595,1.0
1381,5428,1.2
1382,5530,0.6
1383,1716,0.4
1384,817,1.0
1385,9051,1.0
1386,10162,1.0
1387,2731,0.6
1388,8183,0.8
1389,5017,0.8
1390,4120,1.2
1391,13600,1.8
1392,11003,1.0
1393,4615,1.0
1394,12058,0.4
1395,11494,1.0
1396,3701,0.6
1397,394,0.8
1398,3033,0.8
1399,8627,0.6
1400,10785,1.0
1401,4997,0.4
1402,2098,0.2
1403,2224,1.0
1404,1598,1.2
1405,1329,0.8
1406,8668,1.0
1407,10478,1.0
1408,6419,0.2
1409,9646,1.2
1410,12036,2.2
1411,11404,0.6
1412,4358,0.4
1413,14258,0.4
1414,8819,0.8
1415,11801,1.0
1416,5243,0.8
1417,5967,0.8
1418,10335,0.4
1419,12842,0.6
1420,13006,1.2
1421,4625,0.6
1422,2797,0.2
1423,11927,1.2
1424,14579,1.6
1425,6435,0.8
1426,10816,0.6
1427,2176,0.8
1428,379,0.4
1429,8907,0.4
1430,10693,1.0
1431,10586,0.8
1432,1946,1.2
1433,336,1.2
1434,3503,0.8
1435,12901,1.0
1436,8795,1.2
1437,11679,0.8
1438,11305,0.6
1439,2894,0.8
1440,13229,1.0
1441,5905,0.8
1442,5130,1.2
1443,5501,2.0
1444,13673,0.8
1445,4897,0.6
1446,11979,1.0
1447,6984,0.2
1448,13162,0.2
1449,13883,0.6
1450,14204,0.6
1451,5559,0.2
1452,8325,0.6
1453,2671,0.6
1454,1341,0.6
1455,6823,2.0
1456,12923,0.2
1457,12048,1.0
1458,12681,0.6
1459,6660,0.6
1460,14401,1.4
1461,5831,0.8
1462,802,0.8
1463,8695,0.0
1464,7690,0.6
1465,2018,0.0
1466,6470,0.4
1467,4027,0.4
1468,13386,1.6
1469,377,0.4
1470,9613,1.2
1471,12933,2.0
1472,180,0.2
1473,13260,1.0
1474,9682,0.8
1475,3062,0.6
1476,13858,1.0
1477,12018,1.4
1478,4568,0.0
1479,5209,0.8
1480,5824,1.0
1481,11746,0.6
1482,13069,0.4
1483,13886,1.0
1484,4658,1.4
1485,9064,0.4
1486,8708,0.6
1487,12915,1.4
1488,6572,0.2
1489,4267,1.2
1490,14035,0.6
1491,12581,0.2
1492,7408,1.0
1493,8398,0.0
1494,240,1.6
1495,4827,0.8
1496,6884,0.4
1497,2381,1.8
1498,11100,0.6
1499,12288,1.2
1500,13038,1.4
1501,14084,1.0
1502,4198,0.8
1503,7359,0.4
1504,5721,1.2
1505,12553,0.4
1506,10353,1.2
1507,2827,0.8
1508,11522,1.2
1509,1720,0.4
1510,11661,1.4
1511,11733,1.2
1512,4381,0.8
1513,9688,0.4
1514,449,0.2
1515,2824,0.6
1516,14596,0.8
1517,9728,1.2
1518,14914,0.2
1519,7436,0.2
1520,1172,0.4
1521,4091,1.0
1522,1959,0.4
1523,217,0.0
1524,938,0.6
1525,5613,0.8
1526,7124,0.6
1527,3268,0.6
1528,350,0.6
1529,4793,0.4
1530,10147,1.0
1531,6548,0.2
1532,1634,0.8
1533,5318,0.0
1534,7038,0.0
1535,5067,0.6
1536,14968,1.0
1537,4501,0.6
1538,12152,0.2
1539,8142,0.4
1540,13824,0.8
1541,14300,0.6
1542,5987,0.2
1543,9312,0.6
1544,9846,0.0
1545,5468,0.6
1546,7241,0.2
1547,5999,0.6
1548,5594,1.4
1549,13727,0.2
1550,11159,0.4
1551,10466,0.4
1552,7235,0.4
1553,4000,1.2
1554,9776,0.8
1555,13213,0.8
1556,2173,0.4
1557,12881,1.0
1558,7417,0.6
1559,9852,1.0
1560,11550,0.8
1561,6669,1.6
1562,3412,0.4
1563,15012,1.4
1564,11731,0.2
1565,12771,0.6
1566,8202,0.6
1567,12265,0.4
1568,8862,1.0
1569,3587,1.2
1570,5938,0.8
1571,9197,0.2
1572,13956,0.2
1573,11205,1.0
1574,6679,0.4
1575,763,0.8
1576,11110,0.4
1577,2209,0.0
1578,1074,0.8
1579,7809,0.8
1580,14285,1.2
1581,15005,0.8
1582,8655,1.2
1583,11375,0.6
1584,3093,0.6
1585,14938,0.8
1586,3289,1.4
1587,8999,1.4
1588,9225,0.6
1589,7142,0.8
1590,2565,0.6
1591,1106,0.6
1592,875,0.6
1593,6575,1.0
1594,8337,0.2
1595,7457,1.5
1596,6330,0.2
1597,5466,0.8
1598,2918,0.6
1599,13240,0.6
1600,2805,0.8
1601,3156,0.4
1602,11732,0.8
1603,3549,0.6
1604,11622,0.0
1605,1322,0.6
1606,9407,1.0
1607,12324,0.8
1608,4362,0.2
1609,14982,0.8
1610,11652,0.8
1611,10716,0.8
1612,7278,0.4
1613,3333,1.4
1614,387,0.8
1615,4785,0.6
1616,2833,1.6
1617,6313,0.4
1618,1857,1.0
1619,911,0.6
1620,5612,0.8
1621,10577,1.0
1622,11396,0.8
1623,2404,1.2
1624,1110,0.6
1625,6414,1.2
1626,7864,0.8
1627,5763,0.0
1628,1001,1.9
1629,9243,0.8
1630,4626,0.6
1631,12747,0.6
1632,8055,0.6
1633,13985,0.6
1634,5408,0.8
1635,5803,1.4
1636,10305,2.4
1637,1399,0.6
1638,967,0.6
1639,10368,1.0
1640,5447,0.4
1641,13066,0.6
1642,7144,0.8
1643,13589,0.8
1644,8032,1.0
1645,4108,0.6
1646,11506,1.8
1647,1755,1.2
1648,5274,1.0
1649,15091,1.0
1650,12980,1.0
1651,14578,0.6
1652,9810,0.6
1653,4234,1.2
1654,14008,1.2
1655,4608,1.0
1656,1039,1.8
1657,11381,1.0
1658,10772,0.6
1659,994,0.4
1660,4364,0.2
1661,10549,0.6
1662,14555,1.4
1663,14437,0.4
1664,4159,1.0
1665,8350,1.0
1666,9039,0.8
1667,5907,1.2
1668,498,1.0
1669,13759,1.0
1670,10659,0.6
1671,3692,0.6
1672,2948,0.8
1673,1383,0.6
1674,7754,1.0
1675,5576,1.0
1676,13035,0.6
1677,7423,0.8
1678,11039,1.0
1679,10099,0.4
1680,5801,0.6
1681,10209,0.6
1682,10741,1.0
1683,6708,0.2
1684,572,0.6
1685,4661,0.8
1686,5370,0.6
1687,352,1.4
1688,8820,1.6
1689,5358,1.0
1690,6861,0.8
1691,14446,1.2
1692,920,1.0
1693,6837,0.4
1694,11021,1.6
1695,12989,1.2
1696,6307,1.2
1697,5720,1.2
1698,14455,0.6
1699,5019,0.2
1700,13476,0.8
1701,9062,1.0
1702,14469,0.6
1703,5486,0.6
1704,14612,0.4
1705,6987,0.4
1706,8498,0.4
1707,14803,0.6
1708,9141,0.2
1709,6540,1.2
1710,11998,0.2
1711,3032,1.2
1712,14051,1.2
1713,7123,0.4
1714,6864,0.8
1715,13545,0.6
1716,5807,0.4
1717,4177,0.8
1718,8837,0.8
1719,10649,1.0
1720,10215,2.0
1721,5330,0.6
1722,3848,1.0
1723,6274,1.4
1724,431,1.0
1725,9850,0.2
1726,6772,0.4
1727,14619,1.0
1728,3028,1.0
1729,6662,0.8
1730,10784,0.8
1731,3402,1.0
1732,10842,0.2
1733,3729,0.6
1734,11863,1.2
1735,11103,1.2
1736,9841,0.2
1737,14141,1.2
1738,4317,0.8
1739,10010,0.2
1740,14877,1.3
1741,7651,0.6
1742,72,1.2
1743,8037,0.0
1744,10197,0.6
1745,7995,1.4
1746,4713,0.6
1747,13305,0.6
1748,14848,1.0
1749,8431,1.4
1750,5993,1.4
1751,4930,1.2
1752,8717,1.2
1753,606,1.0
1754,10822,0.6
1755,8240,0.6
1756,4396,0.8
1757,12787,0.4
1758,10757,0.8
1759,6965,0.2
1760,13464,1.6
1761,10141,0.8
1762,11005,2.0
1763,14710,0.4
1764,13677,0.6
1765,3708,0.8
1766,10969,0.4
1767,1790,1.0
1768,13013,1.0
1769,4748,0.0
1770,9408,1.6
1771,2119,0.8
1772,4832,0.4
1773,1733,1.0
1774,4178,1.0
1775,2154,0.6
1776,4092,1.0
1777,10762,0.4
1778,9659,1.2
1779,9187,1.4
1780,12600,2.0
1781,13455,0.6
1782,11556,2.2
1783,1661,0.8
1784,2491,1.0
1785,14044,0.6
1786,4567,0.4
1787,7220,0.6
1788,3850,0.8
1789,3097,1.0
1790,1199,1.0
1791,2494,1.2
1792,2526,0.4
1793,2928,0.0
1794,2052,1.4
1795,4242,2.2
1796,3168,0.2
1797,11493,0.8
1798,11258,0.8
1799,3005,0.2
1800,15047,1.0
1801,13319,0.0
1802,14372,0.6
1803,9155,0.8
1804,1610,0.8
1805,13769,0.8
1806,241,0.6
1807,14011,1.2
1808,8839,0.4
1809,11500,0.2
1810,13943,0.6
1811,2222,0.4
1812,6986,1.2
1813,5001,0.8
1814,6519,1.2
1815,2713,1.2
1816,8794,0.4
1817,13602,0.6
1818,11471,0.8
1819,5381,0.4
1820,14946,0.2
1821,14855,0.2
1822,14665,1.0
1823,6101,0.4
1824,6991,0.4
1825,11121,1.6
1826,2185,0.2
1827,2326,1.6
1828,13787,0.0
1829,2469,0.6
1830,10328,0.6
1831,4,0.6
1832,15080,0.8
1833,901,1.0
1834,5678,0.8
1835,2770,0.6
1836,7331,0.2
1837,5631,1.0
1838,1451,1.4
1839,14236,1.0
1840,5089,0.2
1841,1807,0.6
1842,10080,1.2
1843,9787,0.8
1844,10921,1.2
1845,2137,0.6
1846,539,0.8
1847,12409,1.2
1848,12578,1.0
1849,5873,0.8
1850,1539,0.6
1851,946,1.4
1852,10503,0.2
1853,4999,1.2
1854,14646,0.8
1855,4109,0.0
1856,13307,1.0
1857,12396,1.2
1858,13868,1.0
1859,5687,0.6
1860,838,0.6
1861,13018,1.0
1862,5808,1.2
1863,425,1.0
1864,14551,1.4
1865,1351,1.0
1866,14738,0.4
1867,2271,0.2
1868,7462,1.2
1869,12370,1.0
1870,4252,1.0
1871,14770,0.6
1872,7319,1.0
1873,14202,0.4
1874,12213,1.2
1875,11528,0.2
1876,3214,0.4
1877,2508,1.2
1878,6111,1.6
1879,1954,0.8
1880,25,1.0
1881,1486,0.4
1882,1104,1.0
1883,1358,1.2
1884,2165,1.0
1885,203,1.2
1886,10554,1.0
1887,1402,0.2
1888,9331,0.6
1889,12093,0.8
1890,1348,0.6
1891,1923,1.6
1892,3285,1.0
1893,1330,0.4
1894,6760,0.6
1895,1906,1.2
1896,4069,0.8
1897,1102,1.2
1898,12652,0.6
1899,7882,0.8
1900,3684,1.2
1901,912,1.0
1902,437,0.6
1903,9753,1.2
1904,4098,0.4
1905,2907,0.6
1906,5749,1.6
1907,715,0.6
1908,9735,0.6
1909,12199,0.4
1910,3614,0.2
1911,2476,0.2
1912,514,1.0
1913,657,0.6
1914,11261,0.6
1915,2045,1.0
1916,7329,0.4
1917,883,0.6
1918,12478,1.0
1919,7897,1.0
1920,5692,1.2
1921,666,0.8
1922,6106,1.0
1923,5618,0.4
1924,14106,1.2
1925,7096,1.0
1926,13627,0.4
1927,1540,1.2
1928,14491,0.4
1929,8994,0.6
1930,2750,0.6
1931,8905,0.6
1932,13415,0.8
1933,4754,1.0
1934,5240,0.2
1935,10238,0.2
1936,797,1.4
1937,13250,2.2
1938,10389,1.6
1939,374,0.2
1940,14284,1.0
1941,11727,1.0
1942,4828,0.4
1943,1805,2.0
1944,9725,1.4
1945,3389,0.9
1946,3528,1.2
1947,6926,0.8
1948,13367,0.4
1949,3510,0.6
1950,8827,0.8
1951,1583,0.4
1952,8450,0.6
1953,12623,0.8
1954,2956,0.8
1955,6036,0.2
1956,6322,0.6
1957,2066,0.4
1958,8043,0.4
1959,12232,1.2
1960,9723,1.2
1961,12726,0.0
1962,4047,0.4
1963,2319,0.2
1964,10817,0.8
1965,4274,1.2
1966,6576,1.2
1967,2002,1.0
1968,4052,1.2
1969,7427,0.8
1970,3125,0.6
1971,11535,1.0
1972,11156,0.4
1973,530,0.2
1974,9979,1.4
1975,7463,0.6
1976,10109,0.6
1977,9230,0.2
1978,7122,0.0
1979,12974,0.8
1980,1073,1.6
1981,11785,0.4
1982,9132,0.4
1983,8185,0.2
1984,7342,0.6
1985,7775,0.2
1986,9904,0.8
1987,1042,0.0
1988,2855,0.8
1989,6068,1.0
1990,1314,0.4
1991,8978,1.2
1992,14056,0.2
1993,5343,0.8
1994,11372,0.2
1995,6261,0.2
1996,6298,1.0
1997,12825,0.8
1998,1184,0.4
1999,12536,0.4
2000,636,0.2
2001,6472,0.8
2002,10427,0.6
2003,12077,0.2
2004,9903,0.4
2005,2492,1.0
2006,5234,1.2
2007,14897,0.4
2008,5406,0.2
2009,8649,0.2
2010,8101,0.6
2011,3548,1.0
2012,5675,1.0
2013,9961,0.6
2014,5671,0.6
2015,7222,1.2
2016,14679,1.6
2017,5526,0.6
2018,2451,1.6
2019,5686,0.6
2020,3197,1.2
2021,4641,1.2
2022,4322,0.4
2023,14462,1.4
2024,4353,2.2
2025,12162,1.4
2026,13325,0.2
2027,9956,0.8
2028,13377,0.2
2029,12737,0.4
2030,4632,1.0
2031,95,1.0
2032,854,0.6
2033,1584,0.0
2034,13924,0.8
2035,7441,1.6
2036,4199,1.2
2037,1826,0.2
2038,4707,0.2
2039,1484,0.6
2040,5357,0.6
2041,11176,0.6
2042,6564,0.2
2043,12407,0.8
2044,11842,1.0
2045,2737,0.8
2046,523,0.6
2047,8103,0.8
2048,14314,0.2
2049,5070,0.8
2050,216,1.2
2051,9972,0.8
2052,2877,1.2
2053,11304,0.6
2054,1555,1.0
2055,1307,0.4
2056,11908,0.2
2057,5258,0.0
2058,7410,0.4
2059,12443,0.4
2060,14664,1.0
2061,9184,0.6
2062,4460,0.4
2063,10050,0.8
2064,9018,0.6
2065,7630,0.6
2066,2309,0.6
2067,5359,0.8
2068,12905,1.6
2069,7788,0.4
2070,7683,1.0
2071,2859,1.2
2072,3009,0.8
2073,3064,0.6
2074,13922,0.8
2075,1171,1.2
2076,12511,1.8
2077,7573,1.6
2078,13290,0.2
2079,5094,0.4
2080,10644,0.6
2081,13690,1.4
2082,7543,0.4
2083,8401,0.8
2084,11654,0.4
2085,13141,0.8
2086,1145,0.6
2087,2358,1.4
2088,13906,1.0
2089,5747,0.2
2090,13649,0.6
2091,11439,0.8
2092,11649,1.2
2093,13550,0.4
2094,5565,1.0
2095,6785,0.8
2096,1423,1.0
2097,3888,0.6
2098,740,1.0
2099,3215,0.8
2100,14634,1.4
2101,12092,0.4
2102,8800,0.2
2103,4079,0.6
2104,5504,0.4
2105,7628,0.4
2106,12865,0.8
2107,1898,0.6
2108,12918,0.4
2109,11763,1.0
2110,14164,1.2
2111,12289,0.2
2112,8217,0.6
2113,7611,1.0
2114,13735,0.6
2115,5105,0.6
2116,3973,1.4
2117,9586,1.0
2118,14505,1.2
2119,4057,0.4
2120,13454,1.2
2121,14772,0.4
2122,7968,1.4
2123,11447,0.2
2124,695,1.0
2125,14571,0.2
2126,7843,1.0
2127,9120,0.2
2128,13080,0.6
2129,7529,0.6
2130,11497,0.8
2131,2644,0.6
2132,10398,1.0
2133,9314,1.2
2134,3576,0.2
2135,3565,0.6
2136,6402,0.6
2137,5446,1.2
2138,5307,1.0
2139,1236,1.4
2140,10556,0.6
2141,1149,1.2
2142,9350,0.2
2143,8566,0.6
2144,11294,0.6
2145,3830,0.4
2146,3223,1.4
2147,3886,0.8
2148,9235,0.6
2149,7060,1.2
2150,13578,0.2
2151,14675,1.0
2152,6806,0.4
2153,7742,1.2
2154,12614,0.6
2155,10326,0.8
2156,11182,1.0
2157,687,1.0
2158,8388,1.2
2159,12310,1.8
2160,12096,1.0
2161,12300,1.0
2162,727,1.0
2163,7238,0.8
2164,10033,0.4
2165,4904,0.6
2166,10359,0.2
2167,1797,0.8
2168,1163,0.8
2169,11435,1.6
2170,870,1.6
2171,362,1.4
2172,12801,1.2
2173,8313,0.4
2174,12718,1.4
2175,14340,1.4
2176,2037,0.6
2177,540,0.6
2178,4181,0.8
2179,2890,0.8
2180,504,0.2
2181,4478,1.0
2182,978,1.4
2183,7078,1.8
2184,3704,0.4
2185,3108,1.2
2186,10964,0.0
2187,13234,0.8
2188,8442,1.0
2189,9930,0.6
2190,5418,0.4
2191,1254,2.0
2192,4558,1.2
2193,10213,0.6
2194,4940,0.8
2195,3570,0.8
2196,13577,0.6
2197,5388,1.0
2198,10769,0.4
2199,3013,0.8
2200,14257,0.6
2201,9754,1.4
2202,6359,2.0
2203,6449,1.4
2204,14557,0.6
2205,9670,1.0
2206,4369,0.6
2207,10660,0.4
2208,8803,0.2
2209,9685,1.2
2210,2510,0.4
2211,13115,0.6
2212,14863,0.8
2213,3982,1.2
2214,10486,0.8
2215,1353,1.2
2216,3851,0.8
2217,10493,0.8
2218,10219,0.4
2219,1620,1.0
2220,8909,0.4
2221,13,1.0
2222,1326,0.0
2223,11479,0.4
2224,5844,1.0
2225,2031,0.6
2226,4777,1.0
2227,6030,0.8
2228,4165,0.8
2229,2191,1.2
2230,7389,0.4
2231,4129,0.2
2232,8886,1.0
2233,12804,1.2
2234,11163,0.8
2235,1176,0.2
2236,13356,0.6
2237,3700,1.0
2238,662,1.2
2239,3685,1.2
2240,5443,0.6
2241,5461,0.6
2242,2783,0.8
2243,4566,0.0
2244,9652,0.6
2245,11243,0.8
2246,368,0.4
2247,15017,1.0
2248,116,0.2
2249,4686,1.4
2250,12125,0.6
2251,4055,1.0
2252,13990,1.2
2253,8858,0.8
2254,11574,1.2
2255,14032,1.0
2256,1256,1.2
2257,9163,0.6
2258,2221,1.0
2259,6932,0.6
2260,2414,0.6
2261,1076,1.4
2262,13394,2.6
2263,11703,0.4
2264,15075,0.8
2265,10272,1.4
2266,4152,0.8
2267,13579,0.8
2268,10421,0.8
2269,983,1.0
2270,13298,1.2
2271,12883,1.0
2272,8524,1.6
2273,2938,1.2
2274,8015,0.0
2275,10885,0.6
2276,6620,0.4
2277,13783,0.2
2278,4145,1.6
2279,12305,1.2
2280,3518,0.8
2281,10266,0.6
2282,11219,1.4
2283,10404,0.6
2284,7985,0.8
2285,8806,0.2
2286,8054,0.6
2287,1693,0.2
2288,936,0.4
2289,6032,0.6
2290,1828,0.4
2291,3656,1.0
2292,6290,1.0
2293,5075,0.6
2294,1814,1.2
2295,11875,0.2
2296,9009,1.0
2297,14017,1.0
2298,13836,0.4
2299,5645,1.6
2300,1289,0.6
2301,9498,1.2
2302,12919,0.6
2303,12701,1.2
2304,10718,0.2
2305,10509,0.4
2306,7151,0.8
2307,3980,1.0
2308,1739,0.6
2309,1373,0.8
2310,12910,1.2
2311,2489,0.2
2312,11744,0.6
2313,13909,0.6
2314,407,0.2
2315,10684,0.8
2316,13638,1.0
2317,7233,0.6
2318,8910,0.6
2319,4588,0.4
2320,6133,0.4
2321,12769,1.0
2322,8499,0.8
2323,9513,0.4
2324,5188,1.0
2325,12924,1.4
2326,1342,0.0
2327,6043,0.8
2328,4016,0.2
2329,10374,0.0
2330,10196,0.2
2331,3680,1.2
2332,7524,1.0
2333,1025,0.8
2334,670,0.6
2335,2906,0.6
2336,963,0.6
2337,7695,0.0
2338,11539,1.0
2339,300,0.0
2340,8537,1.2
2341,3349,0.2
2342,11728,1.4
2343,6892,1.0
2344,14864,0.6
2345,9686,0.4
2346,7703,0.8
2347,104,1.0
2348,9629,0.6
2349,10290,0.0
2350,11970,1.8
2351,10971,0.6
2352,9164,1.0
2353,10093,1.0
2354,6049,1.0
2355,1813,0.6
2356,14767,0.4
2357,4937,1.6
2358,7982,1.0
2359,3146,1.2
2360,184,1.6
2361,14186,0.6
2362,2024,0.6
2363,6075,0.6
2364,11442,0.6
2365,4810,0.8
2366,1585,0.4
2367,1864,0.6
2368,532,0.4
2369,14654,0.4
2370,648,0.2
2371,10160,1.4
2372,12303,1.8
2373,10973,0.6
2374,393,0.6
2375,1477,0.8
2376,5178,0.6
2377,272,1.2
2378,4170,0.4
2379,7438,0.8
2380,6494,1.2
2381,5580,0.6
2382,5705,0.8
2383,10343,0.6
2384,12203,0.8
2385,4947,1.2
2386,13914,1.4
2387,5913,0.4
2388,4086,1.0
2389,6327,2.0
2390,5652,0.6
2391,8311,0.8
2392,12986,0.4
2393,5745,0.6
2394,11898,0.4
2395,9995,0.8
2396,10621,0.2
2397,6612,0.8
2398,3269,1.4
2399,5181,0.4
2400,5798,0.4
2401,4130,1.6
2402,323,0.8
2403,7549,0.2
2404,2667,0.4
2405,12356,0.6
2406,8328,0.6
2407,6365,0.4
2408,12172,0.8
2409,5733,1.6
2410,14361,0.4
2411,9696,1.2
2412,3605,0.8
2413,1572,0.6
2414,1202,0.6
2415,14764,0.8
2416,12595,1.2
2417,70,0.8
2418,14315,1.0
